metric,Abstractive,Extractive
ROUGE-1,0.44502967688488887,0.4000209341273877
ROUGE-2,0.21346767180689516,0.1806275907264538
ROUGE-Lsum,0.37502956595513354,0.3316955068128144
