metric,Abstractive,Extractive
ROUGE-1,0.45755321370962576,0.20007290051841803
ROUGE-2,0.21627709763854028,0.02850472830620336
ROUGE-Lsum,0.3634803836952848,0.1264929859666143
